{"accuracy_value": 0.8964059196617337, "f1_score_value": 0.8962627412787868, "precision_values": 0.8964957118965036, "recall_values": 0.8964059196617337}