description,test_accuracy,test_f1_score,test_precision,test_recall,fit_time,score_time,train_f1_weighted,train_recall_weighted,train_precision_weighted,train_accuracy
SVC,0.8937169700528479,0.8934085599138138,0.8941214116055843,0.8937169700528479,0.9375201225280761,0.1747985601425171,0.8935735043363442,0.8942597116565194,0.8961737600036075,0.8942597116565194
KNN,0.8373458602466236,0.8362322944111603,0.8501688320253387,0.8373458602466236,0.005922555923461914,0.04236800670623779,0.8369033028948072,0.8383763907699707,0.8472167571055417,0.8383763907699707
GausianNB,0.7322372284204345,0.7315638494849582,0.7472622850045122,0.7322372284204345,0.016391539573669435,0.004953527450561523,0.7177725778681594,0.7192942040175689,0.7309700900739566,0.7192942040175689
DT,0.7475044039929536,0.7486879179462983,0.7507109869224069,0.7475044039929536,1.0760986328125,0.0047055244445800785,0.7348834680440075,0.7341373112413453,0.7366285599994304,0.7341373112413453
bagging,0.8314738696418086,0.8293709211403496,0.8344757776468515,0.8314738696418086,1.3069911241531371,0.025264883041381837,0.8062984220175992,0.8086604306165588,0.8118002921167082,0.8086604306165588
RF,0.8514386376981797,0.8489764541818818,0.858180436076191,0.8514386376981797,0.7059321880340577,0.03225538730621338,0.8387597862881195,0.8436597344404643,0.8526139794503054,0.8436597344404643
Adaboost,0.7774515560775103,0.776593609029871,0.7783481032366181,0.7774515560775103,3.8410149097442625,0.015587401390075684,0.7422647145181529,0.7459761021733351,0.746139339487722,0.7459761021733351
