description,test_accuracy,test_f1_score,test_precision,test_recall,fit_time,score_time,train_f1_weighted,train_recall_weighted,train_precision_weighted,train_accuracy
SVC,0.8937169700528479,0.8934085599138138,0.8941214116055843,0.8937169700528479,1.3912145137786864,0.2496544599533081,0.8935735043363442,0.8942597116565194,0.8961737600036075,0.8942597116565194
