{"accuracy_value": 0.8949964763918252, "f1_score_value": 0.8951629792104357, "precision_values": 0.896234150052376, "recall_values": 0.8949964763918252}