description,test_accuracy,test_f1_score,test_precision,test_recall,fit_time,score_time,train_f1_weighted,train_recall_weighted,train_precision_weighted,train_accuracy
SVC,0.8907809747504404,0.8906875843280835,0.8915231594853114,0.8907809747504404,1.259216833114624,0.2223369598388672,0.8959373932318322,0.8962767236687215,0.8981487979766521,0.8962767236687215
KNN,0.8414562536699941,0.8394717931168475,0.8575583306458928,0.8414562536699941,0.007214736938476562,0.056483912467956546,0.8468450594214145,0.8489468754351102,0.8601811665485455,0.8489468754351102
GausianNB,0.7451556077510276,0.7432915890624707,0.7517679471879356,0.7451556077510276,0.017361903190612794,0.0054820537567138675,0.7434100181034095,0.745471690948445,0.7501567548137137,0.745471690948445
DT,0.733998825601879,0.7352758228587182,0.7373397252790672,0.733998825601879,1.1154684543609619,0.004462623596191406,0.7369509428195283,0.7366631646899485,0.737935508883198,0.7366631646899485
bagging,0.8220786846741045,0.8208143129685174,0.8265878372796499,0.8220786846741045,1.3793388843536376,0.021515822410583495,0.8084988070151159,0.810419224586408,0.8155198033031933,0.810419224586408
RF,0.8461538461538461,0.8438181523453055,0.8522072405410405,0.8461538461538461,0.7531482219696045,0.028716349601745607,0.8393502708553109,0.8434072123843398,0.8511759742637816,0.8434072123843398
Adaboost,0.7574867880211391,0.7569624430346024,0.7596909508053655,0.7574867880211391,4.007210898399353,0.018165969848632814,0.7467109663931002,0.7482304469450527,0.7512586910273577,0.7482304469450527
