{"accuracy_value": 0.9055673009161381, "f1_score_value": 0.9054667718911883, "precision_values": 0.9058564277241875, "recall_values": 0.9055673009161381}