description,test_accuracy,test_f1_score,test_precision,test_recall,fit_time,score_time,train_f1_weighted,train_recall_weighted,train_precision_weighted,train_accuracy
SVC,0.8884321785085144,0.8879600350573277,0.8905731713372876,0.8884321785085144,1.5249689102172852,0.27265405654907227,0.8821652161965108,0.882428515372834,0.8839354785970231,0.882428515372834
