{"accuracy_value": 0.9076814658210007, "f1_score_value": 0.9075184147126256, "precision_values": 0.9077594701361219, "recall_values": 0.9076814658210007}