description,test_accuracy,test_f1_score,test_precision,test_recall,fit_time,score_time,train_f1_weighted,train_recall_weighted,train_precision_weighted,train_accuracy
SVC,0.8714034057545508,0.8706313013977771,0.8730780698946684,0.8714034057545508,1.9947027206420898,0.2753615140914917,0.867107054564461,0.8688366264572231,0.872261530224885,0.8688366264572231
