{"accuracy_value": 0.8844256518675123, "f1_score_value": 0.8837309835941871, "precision_values": 0.8848274823303713, "recall_values": 0.8844256518675123}