{"accuracy_value": 0.8837209302325582, "f1_score_value": 0.8834800677225079, "precision_values": 0.883744660730631, "recall_values": 0.8837209302325582}