description,test_accuracy,test_f1_score,test_precision,test_recall,fit_time,score_time,train_f1_weighted,train_recall_weighted,train_precision_weighted,train_accuracy
SVC,0.8919553728714034,0.8916305636158012,0.8932709127747324,0.8919553728714034,1.5764422178268434,0.24096713066101075,0.8822265055739408,0.882686100527828,0.8843328837144767,0.882686100527828
