{"accuracy_value": 0.9168428470754052, "f1_score_value": 0.9165817361261055, "precision_values": 0.9169872765933196, "recall_values": 0.9168428470754052}