description,test_accuracy,test_f1_score,test_precision,test_recall,fit_time,score_time,train_f1_weighted,train_recall_weighted,train_precision_weighted,train_accuracy
SVC,0.8872577803875514,0.8870206292069805,0.887935045055988,0.8872577803875514,0.6097955942153931,0.1340040683746338,0.8943724725569794,0.8947666544308446,0.896119232583079,0.8947666544308446
KNN,0.8355842630651791,0.8336181995274267,0.8472971462245789,0.8355842630651791,0.0056991100311279295,0.040317344665527347,0.8364470644293636,0.8378764097565915,0.8477896424502267,0.8378764097565915
GausianNB,0.7134468584850264,0.7127452345783775,0.7282373841180101,0.7134468584850264,0.01677994728088379,0.004515910148620605,0.7142925124603225,0.7162709011050212,0.7254458455933814,0.7162709011050212
DT,0.7457428068115091,0.7466146428144277,0.7478003602382218,0.7457428068115091,0.9664732933044433,0.004482555389404297,0.7220163084682074,0.7212934951837272,0.7243598327114885,0.7212934951837272
bagging,0.8232530827950675,0.821449064156478,0.8277606262086187,0.8232530827950675,1.2153053998947143,0.03144073486328125,0.8116864042201101,0.814707669329013,0.8216251404743253,0.814707669329013
RF,0.8485026423957722,0.8457944756842086,0.8551693387850751,0.8485026423957722,0.6282080411911011,0.03518259525299072,0.8406969205777145,0.8449160158474994,0.853056973674913,0.8449160158474994
Adaboost,0.7486788021139166,0.7482124648234799,0.7510838750252239,0.7486788021139166,3.531149125099182,0.01298379898071289,0.7422133821028922,0.7442071820057465,0.7460070291200189,0.7442071820057465
