description,test_accuracy,test_f1_score,test_precision,test_recall,fit_time,score_time,train_f1_weighted,train_recall_weighted,train_precision_weighted,train_accuracy
SVC,0.8872577803875514,0.8870206292069805,0.887935045055988,0.8872577803875514,1.6193046569824219,0.23951334953308107,0.8943724725569794,0.8947666544308446,0.896119232583079,0.8947666544308446
