{"accuracy_value": 0.8907681465821, "f1_score_value": 0.8908025340825145, "precision_values": 0.890973765970603, "recall_values": 0.8907681465821}